"O89996","Dog","The Running Spaniel","2006AF4886"
"O1240236","Soft toy","The Running Spaniel","2011EW4206"
"O69349","Oil painting","Lion: A Newfoundland Dog","2006AU1447"
"O311514","Statuette","Scratching Pug Dog","2016JA7254"
"O77828","Figure","Hogarth's Dog, Trump","2006AT0614"
"O185475","Figure of a dog","Hogarth's Dog, Trump","2009CT0655"
"O96454","Model dog","Hogarth's Dog, Trump","2006AF4421"
"O134420","Oil painting","Two Studies of a Dog","2007BP1515"
"O36979","Mechanical dog","Two Studies of a Dog","2006AF4198"
"O314603","Statue","A seated Dog ","2016JC7374"
"O16885","Painting","Two dogs in the compound of a Calcutta house","2011EU0997"
"O314602","Statue","A seated Dog","2016JC7378"
"O72768","Relief","Ram and a dog","2006AM6666"
"O1294937","Watercolour","Sketch of a dog","2023NP7751"
"O833891","Drawing","Sketch of a dog","2018LF2451"
"O133870","Oil painting","The Reverend Townshend's Dog","2007BP0657"
"O72972","Oil painting","Comical Dogs","2006AT0494"
"O117771","Watercolour","A dog watching a rat in the water at Dedham","2023NP5551"
"O16527","Oil painting","The Twa Dogs","2006AN6831"
"O133908","Oil painting","The Dog and the Shadow","2007BP0743"
"O494223","Figure of dog","The Dog and the Shadow","2009CR3119"
"O494212","Figure of dog","The Dog and the Shadow","2009CR3129"
"O915963","Print","Regimental Pets","2010EC7602"
"O1155166","Figure of dog","Regimental Pets","2009CR3128"
"O594419","Drawing","Study of two sleeping dogs","2017KN0816"
"O101345","Rug","Komitik and Dogs","2021MY2466"
"O72971","Statuette","Mastiff","2006AM7274"
"O165885","Figure","Pug dog","2009CR7126"
"O954456","Print","The Thibet Dog","2010EC7292"
"O165884","Figure","Pug dog","2010CT4979"
"O1257911","Watercolour","Watercolour of a dog","2024NW6595"
"O1106001","Print","The Greenland Dog","2016JF3394"
"O97313","Figure","The Greenland Dog","2006BB4154"
"O1176892","Drawing","Ecorche drawing of a dog","2011EU9902"
"O1259770","Print","Dogs and Rabbits","2019LL1286"
"O1259773","Print","The Beggar","2019LL1290"
"O1407055","Watercolour","Side view of a dog, 'Kep'","2017KB6209"
"O1259772","Print","The Frog","2019LL1287"
"O594437","Drawing","Study of sleeping dog","2017KN0609"
"O1259776","Print","The Two Pet Dogs","2019LL1291"
"O1259765","Print","A Deer Hound","2019LL1283"
"O154910","Sculpture","Hound Dog","2006AY9394"
"O1110277","Print","The Lion Dog from Malta, the last of his tribe","2020ML1285"
"O1259767","Print","A Deer Hound","2019LL1284"
"O1509934","sculpture","A Deer Hound","2016JE5711"
"O1104418","Design","A Deer Hound","2017JV6339"
"O886191","Print","Graphic Illustrations of Animals.","2010EC7553"
"O80750","Statuette","Greyhound","2016JB4653"
"O161517","Figure","Greyhound","2009CD2745"
"O80751","Statuette","Greyhound","2016JC5669"
"O113349","Miniature figure of dog","Greyhound","2010EB7894"
"O1461849","Photograph","A portrait of a woman and dog","2018LF7717"
"O1487511","sculpture","A portrait of a woman and dog","2021MX5334"
"O1023346","Print","The Ban Dog","2016JF3381"
"O206672","Photograph","Drawing of Two Dogs and a Parrot","2018LA1482"
"O337044","Figure","Drawing of Two Dogs and a Parrot","2010EJ1248"
"O954628","Print","Drawing of Two Dogs and a Parrot","2010EC7370"
"O1265112","Photograph","Bert Codman, Punch and Toby the dog","2014GX5738"
"O1058774","Photograph","Shepherd's dog at cottage door ","2017KE3494"
"O954705","Print","Pointer","2010EC7225"
"O915965","Print","VENOM.","2010EC7600"
"O954654","Print","VENOM.","2010EC7342"
"O954645","Print","Victory","2010EC7352"
"O36526","Soft toy","Scottie Dog","2006AA5322"
"O954656","Print","Scottie Dog","2010EC7340"
"O954634","Print","Scottie Dog","2010EC7364"
"O763569","Drawing","Scottie Dog","2017KL6472"
"O789222","Print","Junge Hunde","2016JE4876"
"O1279115","drawing","Junge Hunde","2016JE7562"
"O602418","Print","Histoire Naturelle","2011EU9764"
"O1160290","Magic lantern slide","George Speaight Punch & Judy Collection","2010EM2895"
"O1194214","Birthday card","George Speaight Punch & Judy Collection","2011ET4249"
"O639947","Print","Mâtin des Alpes","2010EC7413"
"O156393","Snuffbox","Mâtin des Alpes","2008BV4248"
"O72976","Statuette","Bloodhound or basset hound","2006AM7276"
"O954647","Print","Setter and Grouse","2010EC7349"
"O956717","Print","The Captive Slave","2010EC7442"
"O640597","Print","A Lochaber Colly","2010EC7408"
"O1222893","Costume design","A Lochaber Colly","2011EU7717"
"O123500","Oil painting","Two greyhounds","2007BN1677"
"O180684","Photograph","Guy Little Theatrical Photograph","2009BY5409"
"O601799","Drawing","An Old Man, Watched by his Dog, Saying Grace at a Table in a Cottage","2007BM3310"
"O639942","Print","Barry","2010EC7418"
"O164306","Statuette","A dog, possibly a whippet or toy terrier","2019MC2853"
"O88816","Panel","St Dominic with a dog","2011FD2395"
"O954636","Print","Cerf-Vola, The Esquimaux Dog.","2010EC7362"
"O1289731","Sheet Music","Who Tied The Can On The Old Dog's Tail?","2014HB5110"
"O404872","Drawing","Shiva as Bhairava riding on a  dog","2011EX3580"
"O80668","Oil painting","A Jack in Office","2006AG4475"
"O1246631","Watercolour ","Young Girl with a Dog on the Terrace","2023NP9599"
"O126071","Oil sketch","Study of a cart and horses, with a carter and a dog","2006BD7921"
"O82789","Photograph","Dog balancing on two chairs","2006AG1320"
"O1023794","Poster","Cruft's Dog Show","2008BU0866"
"O431030","Painting","Cruft's Dog Show","2011EV9497"
"O131877","Oil painting","A Seated Man with a Dog; Mr Nicholas","2007BN5732"
"O763570","Drawing","A Seated Man with a Dog; Mr Nicholas","2017KL6651"
"O86477","Caricature","Wilfred Pickles in <i>The Gay Dog</i>","2006AK9545"
"O132064","Oil painting","The Intruder: Dead Game, Live Poultry and Dog","2015HX1238"
"O1518111","Photograph","circus performer holding a dog","2020MM3344"
